Model,Accuracy,Precision,Recall,F1-score,ROC AUC
MobileNetV2,0.375,0.4074074074074074,0.55,0.46808510638297873,0.35700000000000004
ResNet50,0.5,0.5,1.0,0.6666666666666666,0.34390000000000004
EfficientNetB0,0.5,0.0,0.0,0.0,0.3811
VisionSpec,0.395,0.42758620689655175,0.62,0.5061224489795918,0.35085
