model,accuracy,precision,recall,f1_score
customcnn,0.5,0.25,0.5,0.33333333333333326
efficientnetb0,0.5,0.25,0.5,0.33333333333333326
mobilenetv2,0.5,0.25,0.5,0.33333333333333326
resnet50,0.5,0.25,0.5,0.33333333333333326
visionspec_qc,0.5,0.25,0.5,0.33333333333333326
